{"cameraMode":{"drawMode":0,"name":"Shaded","section":"Shading Mode"},"sceneLighting":true,"audioPlay":false,"sceneViewState":{"showFog":false,"showMaterialUpdate":false,"showSkybox":false,"showFlares":false,"showImageEffects":false,"showParticleSystems":false},"in2DMode":false,"pivot":{"x":1.8643240928649903,"y":2.6832687854766847,"z":-1.3521137237548829},"rotation":{"x":0.03416381776332855,"y":0.3484649062156677,"z":-0.01228454802185297,"w":0.936693012714386},"size":12.803319931030274,"orthographic":false}