{"cameraMode":{"drawMode":0,"name":"Shaded","section":"Shading Mode"},"sceneLighting":false,"audioPlay":false,"sceneViewState":{"showFog":false,"showMaterialUpdate":false,"showSkybox":false,"showFlares":false,"showImageEffects":false,"showParticleSystems":false},"in2DMode":false,"pivot":{"x":0.892437219619751,"y":1.284251093864441,"z":-0.059209417551755908},"rotation":{"x":-0.007184045854955912,"y":0.015630031004548074,"z":0.0004894674639217556,"w":0.9999107718467712},"size":8.367679595947266,"orthographic":false}